-- =============================================================================
-- DEVELOPMENT SEED DATA
-- Run this in the Supabase SQL editor (it bypasses RLS since the editor
-- runs as postgres / service role).
--
-- ORDER:
--   1. Run 001_initial_schema.sql
--   2. Run 002_rls.sql
--   3. Create auth users in Supabase Auth dashboard (Authentication → Users)
--   4. Run this file — it will upsert users and insert all project data
-- =============================================================================

-- Disable triggers temporarily so we can insert users directly
-- (The trigger inserts into public.users on auth.users INSERT,
--  but we're seeding public.users directly here)

-- ─── STEP 1: Set admin roles ────────────────────────────────────────────────
-- 1. Create your auth accounts in Supabase Auth → Users → Add user
-- 2. Sign in to the app at least once — this auto-creates your public.users row
--    (role defaults to 'team_member')
-- 3. Then run this to promote to admin:

UPDATE public.users
SET role = 'admin'
WHERE email IN ('demian@oaki.studio', 'diego@oaki.studio');


-- ─── STEP 2: Clients ─────────────────────────────────────────────────────────

INSERT INTO clients (id, name, contact_name, contact_email) VALUES
  ('11111111-0000-0000-0000-000000000001', 'Journey',        'Sarah Chen', 'sarah@journey.com'),
  ('11111111-0000-0000-0000-000000000002', 'Meridian Group', 'Tom Bauer',  'tom@meridian.co'),
  ('11111111-0000-0000-0000-000000000003', 'Nova Hotels',    'Lisa Park',  'lisa@novahotels.com')
ON CONFLICT (id) DO NOTHING;


-- ─── STEP 3: Projects ────────────────────────────────────────────────────────

INSERT INTO projects (id, client_id, name, status, delivery_date, delivery_time_window, view_count, current_round_number, delivery_count) VALUES
  ('22222222-0000-0000-0000-000000000001', '11111111-0000-0000-0000-000000000001', 'Food Hall',    'in_progress',         '2026-06-15', 'EOD',      6, 0, 0),
  ('22222222-0000-0000-0000-000000000002', '11111111-0000-0000-0000-000000000002', 'Lobby Lounge', 'in_progress',         '2026-06-20', 'Midday',   4, 0, 0),
  ('22222222-0000-0000-0000-000000000003', '11111111-0000-0000-0000-000000000003', 'Suite 01',     'revision_in_progress','2026-05-30', 'Afternoon',3, 1, 1)
ON CONFLICT (id) DO NOTHING;


-- ─── STEP 4: Delivery rounds ─────────────────────────────────────────────────

INSERT INTO delivery_rounds (id, project_id, round_number, status, delivered_at) VALUES
  ('33333333-0000-0000-0000-000000000001', '22222222-0000-0000-0000-000000000001', 0, 'active',    NULL),
  ('33333333-0000-0000-0000-000000000002', '22222222-0000-0000-0000-000000000002', 0, 'active',    NULL),
  ('33333333-0000-0000-0000-000000000003', '22222222-0000-0000-0000-000000000003', 0, 'delivered', '2026-05-10T12:00:00Z'),
  ('33333333-0000-0000-0000-000000000004', '22222222-0000-0000-0000-000000000003', 1, 'active',    NULL)
ON CONFLICT (id) DO NOTHING;


-- ─── STEP 5: Project views ───────────────────────────────────────────────────

-- Project 1 — 6 views
INSERT INTO project_views (id, project_id, number, label) VALUES
  ('44444444-0001-0000-0000-000000000001', '22222222-0000-0000-0000-000000000001', 1, 'View 01'),
  ('44444444-0001-0000-0000-000000000002', '22222222-0000-0000-0000-000000000001', 2, 'View 02'),
  ('44444444-0001-0000-0000-000000000003', '22222222-0000-0000-0000-000000000001', 3, 'View 03'),
  ('44444444-0001-0000-0000-000000000004', '22222222-0000-0000-0000-000000000001', 4, 'View 04'),
  ('44444444-0001-0000-0000-000000000005', '22222222-0000-0000-0000-000000000001', 5, 'View 05'),
  ('44444444-0001-0000-0000-000000000006', '22222222-0000-0000-0000-000000000001', 6, 'View 06')
ON CONFLICT (id) DO NOTHING;

-- Project 2 — 4 views
INSERT INTO project_views (id, project_id, number, label) VALUES
  ('44444444-0002-0000-0000-000000000001', '22222222-0000-0000-0000-000000000002', 1, 'View 01'),
  ('44444444-0002-0000-0000-000000000002', '22222222-0000-0000-0000-000000000002', 2, 'View 02'),
  ('44444444-0002-0000-0000-000000000003', '22222222-0000-0000-0000-000000000002', 3, 'View 03'),
  ('44444444-0002-0000-0000-000000000004', '22222222-0000-0000-0000-000000000002', 4, 'View 04')
ON CONFLICT (id) DO NOTHING;

-- Project 3 — 3 views
INSERT INTO project_views (id, project_id, number, label) VALUES
  ('44444444-0003-0000-0000-000000000001', '22222222-0000-0000-0000-000000000003', 1, 'View 01'),
  ('44444444-0003-0000-0000-000000000002', '22222222-0000-0000-0000-000000000003', 2, 'View 02'),
  ('44444444-0003-0000-0000-000000000003', '22222222-0000-0000-0000-000000000003', 3, 'View 03')
ON CONFLICT (id) DO NOTHING;


-- ─── STEP 6: View stage states ───────────────────────────────────────────────

-- Project 1 / Round 0 — mixed progress
INSERT INTO view_stage_states (project_id, delivery_round_id, project_view_id, stage, status) VALUES
  ('22222222-0000-0000-0000-000000000001','33333333-0000-0000-0000-000000000001','44444444-0001-0000-0000-000000000001','initial',        'done'),
  ('22222222-0000-0000-0000-000000000001','33333333-0000-0000-0000-000000000001','44444444-0001-0000-0000-000000000001','advanced',       'in_progress'),
  ('22222222-0000-0000-0000-000000000001','33333333-0000-0000-0000-000000000001','44444444-0001-0000-0000-000000000001','post_production','not_started'),
  ('22222222-0000-0000-0000-000000000001','33333333-0000-0000-0000-000000000001','44444444-0001-0000-0000-000000000002','initial',        'done'),
  ('22222222-0000-0000-0000-000000000001','33333333-0000-0000-0000-000000000001','44444444-0001-0000-0000-000000000002','advanced',       'not_started'),
  ('22222222-0000-0000-0000-000000000001','33333333-0000-0000-0000-000000000001','44444444-0001-0000-0000-000000000002','post_production','not_started'),
  ('22222222-0000-0000-0000-000000000001','33333333-0000-0000-0000-000000000001','44444444-0001-0000-0000-000000000003','initial',        'in_progress'),
  ('22222222-0000-0000-0000-000000000001','33333333-0000-0000-0000-000000000001','44444444-0001-0000-0000-000000000003','advanced',       'not_started'),
  ('22222222-0000-0000-0000-000000000001','33333333-0000-0000-0000-000000000001','44444444-0001-0000-0000-000000000003','post_production','not_started'),
  ('22222222-0000-0000-0000-000000000001','33333333-0000-0000-0000-000000000001','44444444-0001-0000-0000-000000000004','initial',        'not_started'),
  ('22222222-0000-0000-0000-000000000001','33333333-0000-0000-0000-000000000001','44444444-0001-0000-0000-000000000004','advanced',       'not_started'),
  ('22222222-0000-0000-0000-000000000001','33333333-0000-0000-0000-000000000001','44444444-0001-0000-0000-000000000004','post_production','not_started'),
  ('22222222-0000-0000-0000-000000000001','33333333-0000-0000-0000-000000000001','44444444-0001-0000-0000-000000000005','initial',        'not_started'),
  ('22222222-0000-0000-0000-000000000001','33333333-0000-0000-0000-000000000001','44444444-0001-0000-0000-000000000005','advanced',       'not_started'),
  ('22222222-0000-0000-0000-000000000001','33333333-0000-0000-0000-000000000001','44444444-0001-0000-0000-000000000005','post_production','not_started'),
  ('22222222-0000-0000-0000-000000000001','33333333-0000-0000-0000-000000000001','44444444-0001-0000-0000-000000000006','initial',        'not_started'),
  ('22222222-0000-0000-0000-000000000001','33333333-0000-0000-0000-000000000001','44444444-0001-0000-0000-000000000006','advanced',       'not_started'),
  ('22222222-0000-0000-0000-000000000001','33333333-0000-0000-0000-000000000001','44444444-0001-0000-0000-000000000006','post_production','not_started')
ON CONFLICT (delivery_round_id, project_view_id, stage) DO NOTHING;

-- Project 2 / Round 0 — all not_started
INSERT INTO view_stage_states (project_id, delivery_round_id, project_view_id, stage, status) VALUES
  ('22222222-0000-0000-0000-000000000002','33333333-0000-0000-0000-000000000002','44444444-0002-0000-0000-000000000001','initial',        'not_started'),
  ('22222222-0000-0000-0000-000000000002','33333333-0000-0000-0000-000000000002','44444444-0002-0000-0000-000000000001','advanced',       'not_started'),
  ('22222222-0000-0000-0000-000000000002','33333333-0000-0000-0000-000000000002','44444444-0002-0000-0000-000000000001','post_production','not_started'),
  ('22222222-0000-0000-0000-000000000002','33333333-0000-0000-0000-000000000002','44444444-0002-0000-0000-000000000002','initial',        'not_started'),
  ('22222222-0000-0000-0000-000000000002','33333333-0000-0000-0000-000000000002','44444444-0002-0000-0000-000000000002','advanced',       'not_started'),
  ('22222222-0000-0000-0000-000000000002','33333333-0000-0000-0000-000000000002','44444444-0002-0000-0000-000000000002','post_production','not_started'),
  ('22222222-0000-0000-0000-000000000002','33333333-0000-0000-0000-000000000002','44444444-0002-0000-0000-000000000003','initial',        'not_started'),
  ('22222222-0000-0000-0000-000000000002','33333333-0000-0000-0000-000000000002','44444444-0002-0000-0000-000000000003','advanced',       'not_started'),
  ('22222222-0000-0000-0000-000000000002','33333333-0000-0000-0000-000000000002','44444444-0002-0000-0000-000000000003','post_production','not_started'),
  ('22222222-0000-0000-0000-000000000002','33333333-0000-0000-0000-000000000002','44444444-0002-0000-0000-000000000004','initial',        'not_started'),
  ('22222222-0000-0000-0000-000000000002','33333333-0000-0000-0000-000000000002','44444444-0002-0000-0000-000000000004','advanced',       'not_started'),
  ('22222222-0000-0000-0000-000000000002','33333333-0000-0000-0000-000000000002','44444444-0002-0000-0000-000000000004','post_production','not_started')
ON CONFLICT (delivery_round_id, project_view_id, stage) DO NOTHING;

-- Project 3 / Round 1 — revision, all not_started
INSERT INTO view_stage_states (project_id, delivery_round_id, project_view_id, stage, status) VALUES
  ('22222222-0000-0000-0000-000000000003','33333333-0000-0000-0000-000000000004','44444444-0003-0000-0000-000000000001','initial',        'not_started'),
  ('22222222-0000-0000-0000-000000000003','33333333-0000-0000-0000-000000000004','44444444-0003-0000-0000-000000000001','advanced',       'not_started'),
  ('22222222-0000-0000-0000-000000000003','33333333-0000-0000-0000-000000000004','44444444-0003-0000-0000-000000000001','post_production','not_started'),
  ('22222222-0000-0000-0000-000000000003','33333333-0000-0000-0000-000000000004','44444444-0003-0000-0000-000000000002','initial',        'not_started'),
  ('22222222-0000-0000-0000-000000000003','33333333-0000-0000-0000-000000000004','44444444-0003-0000-0000-000000000002','advanced',       'not_started'),
  ('22222222-0000-0000-0000-000000000003','33333333-0000-0000-0000-000000000004','44444444-0003-0000-0000-000000000002','post_production','not_started'),
  ('22222222-0000-0000-0000-000000000003','33333333-0000-0000-0000-000000000004','44444444-0003-0000-0000-000000000003','initial',        'not_started'),
  ('22222222-0000-0000-0000-000000000003','33333333-0000-0000-0000-000000000004','44444444-0003-0000-0000-000000000003','advanced',       'not_started'),
  ('22222222-0000-0000-0000-000000000003','33333333-0000-0000-0000-000000000004','44444444-0003-0000-0000-000000000003','post_production','not_started')
ON CONFLICT (delivery_round_id, project_view_id, stage) DO NOTHING;
